Title,Album,Lyrics
Simmer,Petals for Armor,"[Verse 1]
Rage is a quiet thing
Ooh, you think that you've tamed it
But it's just lying in wait
Rage, is it in our veins?
Feel it in my face when
When I least expect it


[Refrain]
Give in


[Chorus]
Control
There's so many ways to give in
Eyes closed
Another way to make it to ten

Oh, how to draw the line between wrath and mercy?

Gotta simmer, simmer, simmer, simmer, simmer down

Control
There's so many ways to give in
Eyes closed
Another way to make it to ten

Oh, how to draw the line between wrath and mercy?

Gotta simmer, simmer, simmer, simmer, simmer down


[Verse 2]
If I had seen my reflection
As something more precious
He would've never
Mmm, and if my child needed protection
From a fucker like that man
I'd sooner gut him
'Cause nothing cuts like a mother

[Refrain]
Give in


[Chorus]
Control
There's so many ways to give in
Eyes closed
Another way to make it to ten

Oh, how to draw the line between wrath and mercy?

Simmer, simmer, simmer, simmer, simmer down

Control
There's so many ways to give in
Eyes closed
Another way to make it to ten

Oh, how to draw the line between wrath and mercy?

(Simmer, simmer, simmer, simmer, simmer, simmer)
Gotta simmer, simmer, simmer, simmer, simmer down


[Bridge]
(Simmer, simmer, simmer, simmer)
(Simmer, simmer, simmer, simmer, simmer)

Wrap yourself in petals
(Yourself)

Wrap yourself in petals
(Control, yourself)

Wrap yourself in petals for armor
(Control, control)

(Simmer, simmer, simmer, simmer, simmer, simmer)

Petals

(Simmer, simmer, simmer, simmer, simmer)

For armor

(Simmer, simmer, simmer, simmer, simmer, simmer)
(Simmer, simmer, simmer)

[Refrain]
Give in


[Chorus]
Control
There's so many ways to give in
Eyes closed
Another way to make it to ten

Oh, how to draw the line between wrath and mercy?

Gotta simmer, simmer, simmer, simmer, simmer down

Control
There's so many ways to give in
Eyes closed
Another way to make it to ten

Oh, how to draw the line between wrath and mercy?

Gotta simmer, simmer, simmer"
Leave It Alone,Petals for Armor,"[Verse 1]
Don't nobody tell me
That God don't have a sense of humor
'Cause now that I want to live
Well, everybody around me is dying

Now that I finally wanna live
The ones I love are dyin'
Becoming friends with a noose that I made
And I keep tryin' to untie it
Make it into something useful
Or maybe hang it through a window pane
Turn it into a fire escape


[Chorus]
It tastes so bitter on my tongue
The truth's a killer
But I can't leave it alone
But I can't leave it alone
But I can't leave it alone

[Verse 2]
You don't remember my name somedays
Or that we're related
It triggers my worry
Who else am I gonna lose before I am ready?
And who's gonna lose me?

[Chorus]
It tastes so bitter on my tongue
The truth's a killer
But I can't leave it alone
But I can't leave it alone
But I can't leave it alone
But I can't leave it a-

[Verse 3]
If you know love
You best prepare to grieve
Let it enter your open heart and
Then prepare to let it leave

[Chorus]
It tastes so bitter
The truth's a killer
But I can't leave it alone
But I can't leave it alone
But I can't leave it alone
But I can't leave it alone
But I can't leave it a-
But I can't leave it a-"
Cinnamon,Petals for Armor,"""Cinnamon"" is, according to Hayley, an ode to her home. Throughout this minimalistic track, she sings about the walls around her, her dog Alf, and her everyday routines.
[Intro]
Ah, ah-ooh
Ooh-ah, ah-ah-ah
Ah, ah-ooh
Ooh-ah, ah-ah-ah-ah

[Verse 1]
On the walls of my home
There are signs that I'm alone

I keep on every light
Talk to my dog, he don't mind (Ooh-ooh-ooh)


[Chorus]
Ah, ah-ooh
Ooh-ah, ah-ah-ah-ah
Ah, ah-ooh
Ooh-ah, ah-ah-ah-ah

[Verse 2]
Eat my breakfast in the nude
Lemon water
, living room
Home is where I'm feminine

Smells like citrus and cinnamon


[Chorus]
Ah, ah-ooh (Cinnamon, cinnamon)
Ooh-ah, ah-ah-ah-ah
Ah, ah-ooh (Cinnamon, cinnamon)
Ooh-ah, ah-ah-ah-ah
Ah, ah-ooh (Cinnamon, cinnamon)
Ooh-ah, ah-ah-ah-ah
Ah, ah-ooh (Cinnamon, cinnamon)
Ooh-ah, ah-ah-ah-ah
Ah-ah-ah-ah, ah-ah-ah-ah

[Bridge]
I'm not lonely
I am free

But if I let you in
You would never wanna leave
(If I let you in, if I let you in)
If ever I let you in
Cinnamon

I'm not lonely, baby, I am free
Mmm, finally
I'm not lonely, babe, I am free

[Chorus]
Ah, ah-ooh (I'm not lonely, babe; cinnamon, cinnamon)
Ooh-ah, ah-ah-ah-ah
Ah, ah-ooh (I'm not lonely, babe; cinnamon, cinnamon)
Ooh-ah, ah-ah-ah-ah

[Outro]
If I let you in, cinnamon
If I let you in, cinnamon
Ooh-ah, ah-ah-ah-ah"
Creepin',Petals for Armor,"[Verse 1]
Batty pair of eyes, creepin'
Aiming like a laser pointer
Poor little vampire baby
We bleed holy water


[Chorus]
So why you creepin' 'round here?
(Why you creepin'? Why you creepin'?)
Why you creepin' 'round?

[Verse 2]
Strange you're not a threat to me
And I admire your dedication
Poor little vampire
Don't you know
That I'm a moon in daylight?


[Chorus]
Why you creepin' 'round here?
(Why you creepin'? Why you creepin'?)
Why you creepin' 'round here?
(Why you creepin'? Why you creepin'?)
Why you creepin' 'round?

[Post-Chorus]
It always starts as something so simple and innocent but
Too much of anything, you'll never know how to quit, ah
You had a taste but you don't want to forget it
Oh, just keep on suckin' on the memory of him

[Bridge]
Creepin'
Creepin' (Why you)
Creepin'

[Chorus]
So why you creepin' 'round here?
(Why you creepin'? Why you creepin'?)
Why you creepin' 'round here?
(Why you creepin'? Why you creepin'?)
Why you creepin' 'round?

[Post-Chorus]
It always starts as something so simple and innocent but
Too much of anything you'll never know how to quit, ah
You had a taste but you don't want to forget it
Oh, just keep on suckin' on the memory of him

[Outro]
Creepin'
Why you creepin'?
Why you creepin'?
So why you creepin' 'round here?"
Sudden Desire,Petals for Armor,"""Sudden Desire"", the closing track to Hayley's first EP, sees her with the urge to connect with someone in a romantic fashion.
[Verse 1]
I wanted him to kiss me how
With open mouth and open mouth
We keep our distance now
I wanna feel his hands go down
I try not to think about
What happened last night outside his house
Too far to go back now
Just wanna feel his hands go down

[Refrain]
Sudden
Sudden desi - 
Sudden
Sudden desi - 
A sudden desire


[Verse 2]
Take the elephant by the hand and hold it
It's cruel to tame a thing that don't know its strength
But better to walk beside it
Than underneath
My kind companion
Softened stone
My gentle giant
Painful reminder

[Chorus]
Don't look in my eyes (Sudden)
I feel a sudden desire (Sudden desire)
Don't know if I can deny (Sudden)
A sudden desire (Sudden desire)
Your fingerprints on my skin
A painful reminder
Don't look in my eyes (Sudden)
I feel a sudden desire (Sudden desire)
A sudden desire


[Bridge]
Won't fit in the room, big balloon
Trails me 'cause I can't let go
Everywhere I am, it sticks close like a friend
Just like him
Just like him
Friendly reminder of a sudden desire


[Chorus]
Don't look in my eyes (Sudden)
I feel a sudden desire (Sudden desire)
Don't know if I can deny (Sudden)
A sudden desire (Sudden desire)
Your fingerprints on my skin
A painful reminder
Don't look in my eyes (Sudden)
I feel a sudden desire (Sudden desire)
A sudden desire

[Outro]
I wanted him to kiss me how
With open mouth and open mouth
We keep our distance now
I wanna feel his hand go down
I try not to think about
What happened last night outside his house
Too far to go back now
Just wanna feel his hands go down"
Dead Horse,Petals for Armor,"[Intro]
Alright, it took me three days to send you this, but
Uh, sorry, I was in a depression
But I'm trying to come out of it now


[Verse 1]
Every morning I wake up
From a dream of you, holding me

Underwater
(Is that a dream or a memory?)
Held my breath for a decade

Dyed my hair blue to match my lips

Cool of me to try (Pretty cool I'm still alive)

[Chorus]
I beat it like a dead horse, I beat it like a drum
Oh, I stayed with you too long
Skipping like a record, but I sang along
To a silly little song
I said I beat it like a dead horse, I beat it like a drum

Oh, I stayed with you too long
Skipping like a record, but I sang along
A shitty never-ending song


[Verse 2]
Sometimes it's good to be the bigger person
But I'm so small I can't compare

And after all, it's only fair, yeah
I got what I deserved, I was the other woman first
Other others on the line
But I kept trying to make it work

[Chorus]
I beat it like a dead horse, I beat it like a drum
Oh, I stayed with you too long
Skipping like a record, but I sang along
To a silly little song
I said I beat it like a dead horse, I beat it like a drum

Oh, I stayed with you too long
Skipping like a record, but I sang along
To your shitty little song


[Break]
Ya-ya-ya-ya, ya-ya-ya-ya
Ya-ya-ya-ya-ya-ya-ya
Ya-ya-ya, ya-ya-ya-ya
Ya-ya-ya-ya-ya-ya-ya


[Bridge]
When I said goodbye, I hope you cried
When I said goodbye, I hope you cried
When I said goodbye, I hope you cried
When I said goodbye, I hope you cried

[Chorus]
I beat it like a dead horse, I beat it like a drum
Oh, I stayed with you too long
Skipping like a record, but I sang along
To a silly little song
I said I beat it like a dead horse, I beat it like a drum

Oh, I stayed with you too long
Skipping like a record, but I sang along
And now you get another song

[Outro]
Ya-ya-ya-ya, ya-ya-ya-ya
Ya-ya-ya-ya-ya-ya-ya
Ya-ya-ya, ya-ya-ya-ya
Ya-ya-ya-ya-ya-ya-ya

(Now you get another song)
Ya-ya-ya-ya, ya-ya-ya-ya
Ya-ya-ya-ya-ya-ya-ya
Ya-ya-ya, ya-ya-ya-ya
Ya-ya-ya-ya-ya-ya-ya

(Now you get another song)"
My Friend,Petals for Armor,"[Intro]
Mmm, ah

[Verse 1]
Little wrinkle by your eye
I never noticed 'til right now
Little vicious tiger stripes
If you get closer to my thighs

When you're walkin' with a limp
I can remember wolves at your heels
When my shadow barges in
You never question why she is here
(Eh-eh, eh-eh, eh-eh, eh-eh)

[Chorus]
My friend, when the blood has dried
My friend, instant alibi
You've seen me from every side
Still down for the ride
Ooh, my friend, you know why

[Verse 2]
Not a secret I can't keep
All of your good and your evil
Well, babe, you can leave it with me
Safe together
If it's wrong or if it's right
I am beside you, famine or fi-ire
(I-ire, i-ire, i-ire, i-ire)

[Chorus]
My friend, when the blood has dried
My friend, instant alibi
You've seen me from every side
Still down for the ride
Ooh, my friend

[Bridge]
Who could take your place?
Who could take mine?
None could take your place
None could take mine

[Chorus]
My friend, when the blood has dried
My friend (We stay safe together, we stay safe together)
Instant alibi (We stay safe together, escape death forever)
You've seen me from all sides
Still down for the ride
Ooh, my friend, you know why

[Outro]
We stay safe together
We stay safe together
We stay safe together
Escape death forever
Escape death forever
Escape death forever
We stay safe together
We stay safe together
We stay safe together
Escape death forever
Escape death forever
We stay safe together
Escape death forever"
Over Yet,Petals for Armor,"[Verse 1]
If there's resistance
If there's resistance
It makes you stronger
It's not the end
If there's resistance
If there's resistance
It makes you stronger
Make it your friend

[Verse 2]
When there's persistence
When there's persistence
You can go farther
Beyond the end
If in the distance
There's more resistance
Try to stay open
Make it your friend

[Chorus]
It's the right time
To come alive
Baby, if you wanna try
To get out of your head, yes
Break a sweat
Baby, tell yourself it ain't over yet
It's the right time
To come alive
Baby, if you wanna try
To get out of your head, yes
Break a sweat
Baby, tell yourself it ain't over yet

[Verse 3]
If there's resistance
If there's resistance
It makes you stronger
It's not the end
When there's persistence
When there's persistence
You can go farther
Make it your friend

[Chorus]
It's the right time
To come alive
Baby, if you wanna try
To get out of your head, yes
Break a sweat
Baby, tell yourself it ain't over yet
It's the right time
To come alive
Baby, if you wanna try
To get out of your head, yes
Break a sweat
Baby, tell yourself it ain't over yet

[Bridge]
For every darkened part of me
For every darkened part of me
For every darkened part of me

[Chorus]
It's the right time
To come alive
Baby, if you wanna try
To get out of your head, yes
Break a sweat
Baby, tell yourself it ain't over yet
It's the right time
To come alive
Baby, if you wanna try
To get out of your head, yes
Break a sweat
Baby, tell yourself it ain't over yet

[Outro]
It's the right time
To get out of your head"
Roses/Lotus/Violet/Iris,Petals for Armor,"[Verse 1: Hayley Williams, Hayley Williams & boygenius]
I have seen your body
And I have seen your beauty
They are separate things
Pretty, pretty, pretty things
But I am in a garden
Tending to my own
So what do I care
And what do you care if I grow?
If I grow


[Chorus: Hayley Williams, boygenius]
Roses, roses, roses, roses, roses
(Roses, roses, roses, roses, roses)
Show no concern for colors of a violet

Lotus, lotus, lotus, lotus, lotus
(Lotus, lotus, lotus, lotus, lotus)

Hopes it won't spark envy in your irises


[Verse 2: Hayley Williams, Hayley Williams & boygenius]
Think of all the wilted women
Who crane their necks to reach a window
Ripping all their petals off just 'cause
""He loves me now, he loves me not""
I myself was a wilted woman
Drowsy in a dark room
Forgot my roots
Now watch me bloom

[Chorus: Hayley Williams, boygenius, Both]
Roses, roses, roses, roses, roses
(Roses, roses, roses, roses, roses)
Show no concern for colors of a violet

Lotus, lotus, lotus, lotus, lotus
(Lotus, lotus, lotus, lotus, lotus)

Hopes it won't spark envy in your irises
(Irises)


[Bridge: Hayley Williams, Hayley Williams & boygenius]
And I will not compare
Other beauty to mine
And I will not become
A thorn in my own side

And I will not return
To where I once was
Well, I can break through the earth
Come out soft and wild


[Chorus: Hayley Williams, boygenius, Both]
Roses, roses, roses, roses, roses
(Roses, roses, roses, roses, roses)
Show no concern for colors of a violet

Lotus, lotus, lotus, lotus, lotus
(Lotus, lotus, lotus, lotus, lotus)

Hopes it won't spark envy in your irises

[Outro: boygenius]
(Roses, roses, roses, roses)
(Roses, roses, roses, roses)
(Roses, roses, roses, roses)
(Roses, roses, roses, roses, roses)"
Why We Ever,Petals for Armor,"[Verse 1]
Open your mouth

Say something warm

I've spent a while
On the stranger side of your door

How do you sound?
What do you look like now?
I try to replicate our movements in my mind


[Chorus]
And now I
Can't seem to remember why
We ever
Felt we had to say goodbye
I can't seem to remember why
Can't seem to remember why

[Verse 2]
Tin-can telephone
From your home to my home
I can't feel your energy no more

No more, no more (No more, no more, no more)
No more, no more, ha-ah
No more, no more (No more, no more, no more)
No more, no more, ha-ah
No more, no more

[Chorus]
And now I
Can't seem to remember why
We ever
Felt we had to say goodbye
Can't seem to remember why
Darling, we ever
Can't seem to remember why


[Bridge]
I spent the weekend at home again
Drawing circles on the floor
Tried to keep myself from hurting
I don't know why anymore


[Outro]
I just wanna talk about it
I know I freaked you out
I just wanna talk about it
Sorry for freaking out
I just wanna talk about it
I know I freaked you out
I just wanna talk about it
Sorry for freaking out
Sorry for freaking out
I just wanna talk about it
Sorry for freaking out
I just wanna talk about it
Sorry for freaking out"
Pure Love,Petals for Armor,"[Intro]
Huh

[Verse 1]
The opposite
The opposite of love is fear
I'm still trying to get (Hm)
Used to how the former feels
'Cause it feels so new
You think you know me
Wait 'til I open up to you

[Chorus]
If I want pure love
Must stop acting so tough
(I give a little, you give a little
We get a little sentimental)
If I want your love
Ooh, got to open up
(I give a little, you give a little
We get a little sentimental)

[Verse 2]
A deeper way
A deeper way to understand
To understand the line between
Who you are and who I am, baby
'Cause to let you in (I want your love, I want your love now)
Is true compromise (I want your love)
Not just the friction of our skin (I want your love now)

[Chorus]
If I want pure love
Must stop acting so tough
(I give a little, you give a little
We get a little sentimental)
If I want your love
Ooh, got to open up
(I give a little, you give a little
We get a little experimental
)

[Bridge]
I guess, I guess (I guess, I guess)
I could, I guess (I could, I guess)
Guess I oughta clean up these bloody fists if it's alright
And yes, I guess (And yes, I guess)
It's for the best (It's for the best)
Guess you really gotta call your own bluff if you want pure love
(If I want pure love)

[Chorus]
If I want pure love
Must stop acting so tough
(I give a little, you give a little
We get a little sentimental)
If I want your love
Ooh, got to open up
(I give a little, you give a little
We get a little sentimental)

[Outro]
If I want your love, ooh
(If I want your love)
(I want your love, I want your love
I want your love, I want your love now)
(I want your love, I want your love
I want your love, I want your love now)
(I give a little, you give a little
We get a little sentimental)
And if I want your love
(If I want your love)
(I want your love, I want your love
I want your love, I want your love now)
(I give a little, you give a little
We get a little sentimental)"
Taken,Petals for Armor,"In ""Taken,"" Hayley sends a message to everyone who's looking to date her saying she's unavailable as she's dating someone else.
[Verse 1]
My feet won't touch the ground beneath me
I'm flying but I'm not afraid to fall
I wear my pretty dress with big-ass sneakers
But we don't gotta go nowhere at all

[Chorus]
If anybody asks, yeah
I'm taken
If anybody wants to know
He is too
If anybody asks, yeah
I'm taken
If anybody wants to know
He is too

[Post-Chorus]
Ba-ba-ba-ba
Ba-ba, uh-uh
Uh-uh, uh-uh
Uh-uh-uh
Uh-uh, uh-uh
Uh-uh

[Verse 2]
It's easy to see how people stop believing
'Cause everyone I know's got a broken heart
And though I'm still picking up my pieces
He makes me wanna give it another shot

[Chorus]
If anybody asks, yeah
I'm taken
If anybody wants to know
He is too
If anybody asks, yeah
I'm taken
If anybody wants to know
He is too

[Post-Chorus]
Ba-ba-ba-ba
Ba-ba, uh-uh

[Bridge]
Would I do it all again?
Oh yeah, in a second
Might've taken thirty years
But I was always on my way to him

[Chorus]
If anybody asks, yeah
I'm taken
If anybody wants to know
He is too
If anybody asks, yeah
I'm taken
If anybody wants to know
He is too

[Outro]
(Ba-ba-ba-ba) I'm taken
(Ba-ba-ba-ba)
He is too
(Ba-ba-ba-ba-ba-ba) I'm taken
(Ba-ba-ba-ba)
He is too"
Sugar on the Rim,Petals for Armor,"[Intro]
Sugar on the rim
Sugar on the rim
Sugar on the rim
Sugar on the rim
Sugar on the rim
Sugar on the rim

[Verse 1]
Do you taste old shame when you lick my wounds?
'Cause I feel redeemed in spite of you
Had a life in hiding but a storm kept coming in
Could you be the silver lining like sugar on the rim?

[Pre-Chorus]
You took me by
You took me by
You took me by
Surprise
You took me by
You took me by
You took me by
Surprise

[Chorus]

Never felt this sensation
A kiss to every scar
Eclipse my expectation
Shock to my heart
Sugar on, sugar on
Sugar, sugar on the rim
On the rim

[Verse 2]
I love to play with our shadows
In and out of the glow
I'm not afraid of a dark side
Just tell me things I don't know
Maybe we just had to feel it
So we'd know the difference (Difference)
When we tell our gory story
With a sweetness on our lips

[Pre-Chorus]
You took me by
You took me by
You took me by
Surprise

[Chorus]

Never felt this sensation
A kiss to every scar
Eclipse my expectation
Shock to my heart (Sugar on the rim)
Never felt this sensation (Sensation)
Kiss to every scar (Scar)
Eclipse my expectation
Shock to my heart (Sugar on the rim)

[Bridge]
Sugar on the rim
Sugar on the rim
Sugar on the rim
Sugar on the rim
Sugar on the rim
Bitter if you walk away
Mmm, sweeter if you stay
Bitter if you ever walk away
'Cause it just gets sweeter by the day
Bitter if you walk away (Sugar on the rim)
Mmm, sweeter if you stay
Bitter if you ever walk away (Walk away)
'Cause it just gets sweeter by the day

[Chorus]

Never felt this sensation
A kiss to every scar
Eclipse my expectation
Shock to my heart (Sugar on the rim)
Never felt this sensation (Sensation)
Kiss to every scar (Scar)
Eclipse my expectation
Shock to my heart
Sugar on, sugar on
Sugar, sugar on the rim
On the rim"
Watch Me While I Bloom,Petals for Armor,"[Verse 1]
How lucky I feel
To be in my body again

How lovely I feel
Not to have to pretend
Shocking to feel
A positive charge
Innocuous thrill
Big invisible spark (Hmm)

[Chorus]
You wanna look inside of me?
And just watch me bloom
You only got one side of me
Here's something new, ah
I'm alive in spite of me
And I'm on the move
So come and look inside of me
Watch me while I bloom, ah
Wanna look inside of me?
And just watch me bloom
You only got one side of me
Here's something new, ah
I'm alive in spite of me
And I'm on the move
So come and look inside of me
Watch me while I bloom, ah

[Verse 2]
If you feel like you're never gonna reach the sky
'Til you pull up your roots, leave your dirt behind

Baby, you got a lot of shit to learn

[Chorus]
You wanna look inside of me?
And just watch me bloom
You only got one side of me
Here's something new, ah
I'm alive in spite of me
And I'm on the move
So come and look inside of me
Watch me while I bloom, ah
Wanna look inside of me?
And just watch me bloom
You only got one side of me
Here's something new, ah
I'm alive in spite of me
And I'm on the move
So come and look inside of me
Watch me while I bloom, ah

[Bridge]
If you feel like you're never gonna reach the sky
'Til you pull up your roots, leave your dirt behind

Ooh, got a lot to learn
Got a lot, got a lot, got a lot
You got a lot to learn
Got a lot, got a lot, got a lot

[Chorus]
You wanna look inside of me?
And just watch me bloom
You only got one side of me
Here's something new, ah
I'm alive in spite of me
And I'm on the move
So come and look inside of me
Watch me while I bloom, ooh, ooh
You wanna look inside of me?
And just watch me bloom
You only got one side of me
Here's something new, ah
I'm alive in spite of me
And I'm on the move
So come and look inside of me
Watch me while I bloom, yeah

[Outro]
You wanna look inside of me?
Watch me while I bloom, yeah
You only got one side of me
Watch me while I bloom, yeah
I'm alive in spite of me
Watch me while I bloom, yeah
So come and look inside of me
Mmm-mmm-mmm-mmm-mmm"
Crystal Clear,Petals for Armor,"[Verse 1: Hayley Williams]
Mmm, I don't wanna shut you out
I don't wanna rush around or slow down
This time, I wanna stay right here
I wanna make it crystal clear
That I won't give in to the fear

[Chorus: Hayley Williams]
Crystal clear
I won't give in to the fear
Crystal clear
I won't give in to the fear
Crystal clear
I won't give in to the fear
Crystal clear

[Verse 2: Hayley Williams]
I remember standing on the edge
Closing my eyes
Counting to three, I
Jump in with the rush in my head
Only to find the water was concrete
And now you're pumpin' air to my lungs
This don't feel anything like sinking
In fact, no matter how deep I go
Into you, it looks like the water is crystal clear

[Chorus: Hayley Williams]
Crystal clear
I won't give in to the fear
Crystal clear
I won't give in to the fear
Crystal clear
I won't give in to the fear
Crystal clear (Clear)

[Bridge: Hayley Williams]
Here we go
Gonna risk it again
Let's hope it's the last time
We don't know
How this could end
Let's hope it won't have to (Hmm)
Won't have to (Hmm)

[Chorus: Hayley Williams]
Crystal clear
I won't give in to the fear
Crystal clear
I won't give in to the fear
Crystal clear
I won't give in to the fear
Crystal clear

[Outro: Hayley Williams & Rusty Williams]
Friends or lovers
(Clear) Won't give in to the fear
Friends or lovers, which will it be?
It's a feeling (Friends or lovers)
(Clear) I'm still right here
Friends or lovers, which will it be?"
First Thing to Go,FLOWERS for VASES / descansos,"[Verse 1]
First thing to go was the sound of his voice, ah

It echoes still, I'm sure, but I can't hear it
Was it gentle or cold? Or maybe just noise, I
Heard what I wanted until I couldn't


[Chorus]
And I'm scared to lose
Ah, what's left of you


[Verse 2]
Time moves slow, I just talk to myself, I
Finish my own sentences the way you used to (Mmm)

Why do memories glow the way real moments don't? Ah

My altar is full of all love's delusions


[Chorus]
And I, mmm
And I, mmm
And I'm scared to lose
And I (I)
What's left of you (I)
I should forget
But I love what's left


[Outro]
The first thing to go was the sound of his voice"
My Limb,FLOWERS for VASES / descansos,"[Verse 1]
If you gotta amputate, don't give me the tourniquet
You wish that I would run away, sever what isn't working
But I'll let my body bleed out
, lean into my left side

If your part of me is gone now, do I wanna survive?

[Chorus]
My limb
, my limb, my limb, my limb
My limb, my limb, my limb, my limb (Don't let go)

My limb, my limb, my limb, my limb (Let go)

My limb, my limb, my limb, my limb

[Verse 2]
Funny, of the two of us, you always were the gentle one
Shy little rabbit, teething on a shotgun

Guess we were collateral damage, kissing in the crossfire
Limpin' over dead leaves, I wish that they would cover me


[Chorus]
My limb, my limb, my limb, my limb (Don't let go)

My limb, my limb, my limb, my limb (Let go)

My limb, my limb, my limb, my limb (Don't let go)

My limb, my limb, my limb, my limb (Don't let go)


[Bridge]
(Ooh-ooh, ooh-ooh, ooh-ooh, ooh-oh)
(Ooh-ooh, ooh-ooh)
(Ooh-ooh, ooh-ooh, ooh-ooh, ooh-oh)
(Ooh-ooh, ooh-ooh)
Don't, don't let go my limb
Don't, don't let go my limb (Don't let go)

[Chorus]
My limb, my limb, my limb, my limb (Don't, don't let go my limb)

My limb, my limb, my limb, my limb (Don't, don't let go my limb)

My limb, my limb, my limb, my limb (Don't, don't let go my limb)

My limb, my limb, my limb, my limb, my limb (Don't, don't let go my limb)
(Don't let go my)
(Don't let go)
(Don't let go my)"
Asystole,FLOWERS for VASES / descansos,"[Verse 1]
I don't live for you, I live for me
If only that were true
If only I could prove that, on my own, I'm worthy

Funny how it feels like
We're talking to each other on the other line

But it's quiet here
Nothin' playing but the song of asystole


[Chorus]
Asystole, asystole
Asystole, asystole


[Verse 2]
And I can't get my head
To say anything my heart could ever understand
I want to forget
But the feelin' isn't somethin' I can let myself let go of
The trouble is the way you stick
To any part of me that remains intact

But if I pull the plug
It isn't only me that I'm holding back

[Chorus]
Asystole, asystole
Asystole, asystole

[Bridge]
Revive your love in me

Revive another side of me

My eyes, to see the poisoned devotion in me
Revive, revive, revive

[Chorus]
Asystole, asystole


[Outro]
(Oh, ah)
(Oh, ah)
(Oh)
(Ooh)"
Trigger,FLOWERS for VASES / descansos,"[Verse 1]
All I ever had to say about love is a sad song
I get off on tellin' everybody what went wrong
It makes me feel like the pain had a purpose
Keeps me believin' that maybe it's worth it

Truth is, all I really want is somebody who wants me
Somebody I can count on who won't disappoint me
At first, it seems easy, I vow not to give up
Let 'em debase me while keepin' my chin up

[Chorus]
'Cause I got the trigger, but you hold the gun
How come you never put the safety on?
I got the trigger, but you hold the gun
How come you never put the safety on? Mmm


[Verse 2]
So, what do people sing about once they finally found it?
Take it for granted, think of how they were better without it?
I'd like to imagine I'd never be like that
But if I'm honest, I know I already have


[Chorus]
'Cause I got the trigger, but you hold the gun
How come you never put the safety on?
I got the trigger, but you hold the gun
How come you never put the safety on? Mmm

[Bridge]
Mmm

[Chorus]
I got the trigger, but you own the gun

How come you never put the safety on?
Yeah, I got the trigger, but you hold the gun
How come you never put the safety on? Mmm"
Over Those Hills,FLOWERS for VASES / descansos,"[Verse 1]
Over those hills, I bet you're somewhere dreaming
I take my pills every night and in the morning

When you wake up, ever wish I was beside you?
We could look out together in those hills forever

[Verse 2]
Over those hills, I bet you're somewhere dreaming
I take my pills every night and in the morning

When you wake up (Wake up, wish I was), ever wish I was beside you? (Beside, beside you)

We could look out together in those hills forever, hmm

[Verse 3]
So this is the feeling
You can't imagine that it's real
'Til you feel it, oh
Almost went numb
Thought I'd had enough
But the hurt is half the fun


[Break]
Da, da-ra-ra, da-ra-ra, da-ra-ra-ra, da, da-ra-ra, da-ra, da-ra-ra
Da, da-ra-ra, da-ra-ra, da-ra-ra-ra, da

[Outro]
We could look out together on those hills forever"
Good Grief,FLOWERS for VASES / descansos,"[Verse 1]
There's no such thing as good grief

Haven't eaten in three weeks
Skin and bones when you're not near me
I'm all skeleton and melody


[Verse 2]
There's no such thing as good grief
Sleep with you in a sex dream
And I'm pretty sure you don't miss the way
I put all my demons on display to your pretty music


[Chorus]
One more time, play me something, I won't sing
I'll be quiet, play me something
One more time, I'm listening


[Verse 3]
There's no such thing as good grief
Took two months to pack up your things

But I left a box at your parents' house

Don't know whether to feel sad or proud


[Chorus]
One more time, play me something, I won't sing
I'll be quiet, play me something
One more time, I'm listening"
Wait On,FLOWERS for VASES / descansos,"[Verse 1]
I don't wanna wait on you
But it's just what I keep doing
As if I got nothing to do
As if my life won't keep on going without you


[Chorus]
The sky will wake up every morning
And sometimes feel the need to pour out
All the feelings it's been holding
But either way, it never comes down
It knows its place and knows a way around the clouds
And their design


[Verse 2]
For every fairytale untrue
And all the hearts yet to be broken

For every bird who never flew
Well, it's a wonder we keep going without you

[Chorus]
The sky still wakes up every morning
And sometimes feels the need to pour out
Everything it's tired of holding
But either way, it never comes down
It's gonna stay and find a way around the clouds

[Outro]
There was a bird who never flew
But she still kept all of her feathers
So she could pluck 'em out for you
And you could wear them in your hair and
She'd be with you"
KYRH,FLOWERS for VASES / descansos,"""KYRH"" stands for ""Keep You Right Here"". The 8th out of 14 songs on FLOWERS for VASES / decscansos, KYRH serves as somewhat of an intermission between the first half of the album and the second.
[Verse 1]
Keep you right here
Where the line is
At my fingers
On the surface

Keep you right here
Where the line is
Keep you right here

[Instrumental Break]

[Verse 2]
Keep you right here (Keep you right here)
Where the line is
At my fingers (Ah)
On the surface
Keep you right here
Where the line is
Keep you right here, ooh

[Outro]
Ooh
Oh-oh, mmm"
Inordinary,FLOWERS for VASES / descansos,"[Verse 1]
I don't want your concern
As some consolation prize
And I don't want to be your friend

Or just one of the guys

I am nobody's
We left home when we were teens
I grew bored of simple things

You gave me another chance
A renegade holdin' your hand

I was somebody's

[Chorus]
I wasn't ordinary, ordinary, ordinary
I was inordinary, ordinary
I wasn't ordinary, ordinary, ordinary
I was inordinary, ordinary

[Verse 2]
Life began in seventh grade
When me and mama got away
Came home from school one afternoon
She was waitin' in the car for me
She said, ""Don't worry""

Started over, Tennessee
Rent was cheap and we were free
I wish that feelin' stuck around

There's a beauty to be found

Mmm

[Chorus]
In the ordinary, ordinary, ordinary

In the ordinary, ordinary
In the ordinary, ordinary, ordinary
In the ordinary, ordinary

[Outro]
(I was inordinary, ordinary)
(I wasn't ordinary, ordinary, ordinary)"
HYD,FLOWERS for VASES / descansos,"[Intro]
When the air is quiet and the sky is blue

I can't help be reminded of yo - 
Are you
fucking kidding me?

[Verse 1]
When the air is quiet and the sky is blue
I can't help be reminded of you

How your eyes are shut so you cannot see
Just how very close I keep you to me

And in that dark little place you have made
You'd swear all these pretty clouds are gray


[Chorus]
I wonder how you're doing
How you're doing now


[Verse 2]
In a million years, never thought I'd see
The day you would choose your fear over me
'Cause many storms have come and if not for you
I'd have been struck down, disappeared at sea

I know it's hard for you to take a compliment
But my life began the day which you came in it


[Chorus]
I wonder how you view me
How you view me now

[Verse 3]
On a night like this, it's just me and the kid
And there's a chair for you where you'd always sit

And we would talk for hours about the dumbest shit
And you would always start my cigarette

[Outro]
I wonder if you ever quit like you wanted

I bet you did, I bet you did
I bet you did, I bet you did

How you doing?"
No Use I Just Do,FLOWERS for VASES / descansos,"[Verse 1]
Nobody wants to be alone
But that is not why I want you

See, I've tried and I keep trying, but baby

[Chorus]
It's no use, it's no use, I just love you
It's no use, I just love you
It's no use, I just love you
It's no use, I just love you

[Verse 2]
If I just wanted someone to hold
Then really, anyone would do

I close my eyes and really try
Not to turn 'em into you


[Chorus]
It's no use, I just love you
It's no use, I just love you
It's no use, I just love you
It's no use, I just love you
It's no use, I just do


[Outro]
It's no use, I just love you, mmm
It's no use, I just love you
It's no use, I just love you, mmm
It's no use, I just love you
It's no use, I just love you
Mmm
It's no use, I just love you
It's no use, I just love you
It's no use, I just love you
It's no use, I just love you"
Find Me Here,FLOWERS for VASES / descansos,"[Verse 1]
No one can hold your hand
Now through the delicate darkness you go
If I trespass even one step
It all just disappears, clock starts over


[Chorus]
As long as I am loving you, you'll never be alone
As long as you keep wanting me around
But this is one trip you're gonna have to take alone
When you come back, you'll find me here where I belong

[Interlude]
Hmm, hmm
La, la, la, la, hmm, hmm

[Verse 2]
Soft like sand, sift through your hands
Memories we both agree are not reality


[Chorus]
As long as you are loving me, I know I'm not alone
Even if you're nowhere to be found
Sometimes life takes you back to places you run from
I'll be right here if ever you come home"
Just a Lover,FLOWERS for VASES / descansos,"[Intro]
Love is not a friend, it's not a brother

Love is not a Wendy-Moira-mother

Love has turned me into many others
, now I guess I'm just

[Break]
Just a lover

[Verse 1]
Once upon a time when we were school kids
Mix CDs and carpool kids

No little cameras to witness

Really hope we don't wreck this

When you're coming over

[Break]
Just a lover

[Verse 2]
Space and time, waking hours before I open my eyes

In the morning, I feel my heart crack open, one last chorus
Space and time, waking hours before I open my eyes
In the morning, I feel my heart crack open, one last chorus
I'll be singing into empty glasses
No more music for the masses

One more hour, one more ugly, stillborn cry

I know exactly what this is
Or whatever it was, or whatever it was"
kill me,EGO,"[Verse 1]
Eldest daughters never miss their chances
To learn the hardest lessons again and again
Carrying my mother's mother's torment
I think I'm where the bloodline ends
I'll never do the right thing again

[Chorus]
Go ahead and kill me, can't get much stronger
Find another soldier, another soldier

Go ahead and kill me, can't get much stronger
Find another soldier, another soldier

[Verse 2]
Eldest daughter comes to stop their cycle
A job you never asked for is paying in dust
Setting down your mother's mother's torment
Save yourself or make room for us
'Cause either way we live in your blood

[Chorus]
Go ahead and kill me, can't get much stronger
Find another soldier, another soldier
Go ahead and kill me, can't get much stronger (Ah-ah-ah)
Find another soldier, another soldier (Jesus Christ get me out of here)

[Bridge]
I'm sorry that you're going through something hard
I'm sorry that you're going through something hard

[Chorus]
Go ahead and kill me, can't get much stronger
Find another soldier, another soldier
Go ahead and kill me, can't get much stronger (Ah-ah-ah)
Find another soldier, another soldier
Go ahead and kill me, can't get much stronger
Find another soldier, another soldier
Go ahead and kill me, can't get much stronger (Ah-ah-ah)
Find another soldier, another soldier"
True Believer,EGO,"[Verse 1]
Tourists stumble down Broadway
Cumberland keeps claiming bodies

All our best memories were bought and then turned into apartments
The club with all the hardcore shows now just a grayscale Domino's

The churches overflow each Sunday, greedy Sunday morning

[Pre-Chorus]
Giftshop in the lobby
Act like God ain't watching
Kill the soul, turn a profit

What lives on, Southern Gotham


[Chorus]
I'm the one who still loves your ghost
I reanimate your bones with my belief
I'm the one who still loves your ghost
I reanimate your bones 'cause I'm a true believer


[Verse 2]
They put up chain-link fences underneath the biggest bridges

They pose in Christmas cards with guns as big as all the children

They say that Jesus is the way but then they gave him a white face
So that they don't have to pray to someone they deem lesser than them


[Pre-Chorus]
The South will not rise again

'Til it's paid for every sin

Strange fruit
, hard bargain
Till the roots
, Southern Gotham

[Chorus]
I'm the one who still loves your ghost
I reanimate your bones with my belief
I'm the one who still loves your ghost
I reanimate your bones 'cause I'm a true believer
I'm the one who still loves your ghost
I reanimate your bones with my belief
I'm the one who still loves your ghost (Ah-ah)
I reanimate your bones 'cause I'm a true believer (Ah-ah-ah)"
Blood Bros,EGO,"[Verse 1]
Whatever you do, whatever you say
By now you should know I'll love you the same
Filled up to the brim, pour a little out each day
'Til it's not quite empty and we swim just above the drain

[Chorus]
'Til we're just two fishes
Flippin' on dry land
Hook, line and sinker
Covered in sand

[Verse 2]
Whatever I did, whatever I said
Would you come back to get me if you had the chance again?
Would you rush to the bottom of my black tar heart?
Would you want me to stop you if that'd take all I've got?

[Chorus]
Now we're just blood brothers
Covered in paper cuts
With a bond like no other
Was it ever enough?

[Verse 3]
Whenever you want, whenever you need
I could move in closer or I can leave
If anything helps you or if anything hurts
I will love you forever if that won't make it worse"
Negative Self Talk,EGO,"[Intro]
Negative self-talk
A veteran self-taught
Et cetera, on and on
I'm sick of hearing myself talk

[Verse 1]
The long walk between the car and the house
I just sit behind the wheel 'til the battery runs out
Home is where we were loud, used to sing down the hall
To your signature sound

[Pre-Chorus]
Now it's just so quiet, I hate this gorgeous house
Can't hear my heart beat over emptiness now

Chorus of my worst thoughts, drawing curtains shut
As hope takes a bow

[Chorus]
(Now all I hear is)
Negative self-talk (Yeah, all I hear is)
A veteran self-taught (All I hear is)
Et cetera, on and on (All I hear is)
I'm sick of hearing myself talk

[Verse 2]
I write like a volcano, projectile spewing out
Quiet mind's a loaded cannon, who's it aimed at now?
And the tip of my tongue, tip of the iceberg
Turn Titanic around, let me thaw out

[Chorus]
('Cause all I hear is)
Negative self-talk (Yeah, all I hear is)
A veteran self-taught (All I hear is)
Et cetera, on and on (All I hear is)
I'm sick of hearing myself talk

[Bridge]
Sung over the bones of you
and I
It works but in two days, he wields in my mind
I am Vasilisa, guide me through the night

Nothing more will enter me but why (Ooh-ooh)

[Chorus]
(And I won't hear it)
Negative self-talk (Now I won't hear it)
A veteran self-taught (No, I won't hear it)
Et cetera, on and on (Now I won't hear it)
I'm sick of hearing myself talk

[Outro]
Ooh-ooh (No, I won't hear it)
Ooh-ooh (No, I won't hear it)
Ooh-ooh (No, I won't hear it)
Ooh-ooh (No, I won't hear it)"
Ego Death at a Bachelorette Party,EGO,"[Verse 1]
I'll be the biggest star at this racist country singer's bar

No use shootin' for the moon, no use chasing waterfalls

I'm the biggest star at this racist country singer's bar

No use shootin' for the moon, no use chasing waterfalls

[Chorus]
Can only go up from here
Can only go up from here
Can only go up from here
Can only go up, can only go up
Can only go up from here
Can only go up from here
Can only go up from here
Can only go up, can only go up

[Verse 2]
I'll be the biggest star at this bachelorette party bar
No use shootin' for the moon, no use chasing waterfalls
I'm
the biggest star at this bachelorette party bar
No use shootin' for the moon, no use chasing waterfalls

[Chorus]
Can only go up from here
Can only go up from here
Can only go up from here
Can only go up, can only go up
Can only go up from here
Can only go up from here
Can only go up from here
Can only go up, can only go up

[Post-Chorus]
Ah-ah
Mm-mm

[Bridge]
Got too big for my britches
Too big for my fishes

The sea got shallower every day
I danced, I said my prayers, it never rained

And I just want to be in California
Heaven laughs 'cause they all tried to warn us
They sent me right back from where I came
My tail between my legs on Broadway


[Verse 3]
I'll be the biggest star at this fucking karaoke bar
No use shootin' for the moon, no use chasing waterfalls
I'm the biggest star at this fucking karaoke bar
No use shootin' for the moon, no use chasing waterfalls"
Mirtazapine,EGO,"[Verse 1]
For when the heart's a sinking stone
That's smashed and fusing to your bones
For when you're crying at the sky
And losing all your appetite


[Pre-Chorus]
Here come my genie in a screw cap bottle

To grant me temporary solace

I could never be without her

I had to write a song about her
Who am I without you now?


[Chorus]
Mirtazapine

You make me eat, you make me sleep

Mirtazapine

You let me dream, you let me dream

Ah-ha

[Verse 2]
For when you're happy for a day
Then wake up to remembering
That things will never be the same
Feels like it's your fault it turned out that way

[Pre-Chorus]
Here come my genie in a screw cap bottle
To grant me temporary solace
I could never be without her
I had to write a song about her
Who am I without you now?

[Chorus]
Mirtazapine

You make me eat, you make me sleep
Mirtazapine

You let me dream, you let me dream
Ah-ha

[Bridge]
Ah-ah, ah-ah
Mirtazapine, oh, oh


[Chorus]
Mirtazapine

You make me eat, you make me sleep
Mirtazapine

You let me dream, you let me dream
Mirtazapine

You make me eat, you make me sleep
Mirtazapine

You let me dream, you let me dream
Ah-ha

[Outro]
Ah-ah, ah-ah-ah, ah
Ah, ah, ah, ah, ah"
Ice In My OJ,EGO,"[Intro]
Ah, ah-ah-ah, ah
Ah, ah-ah-ah, ah

[Verse 1]
I'm spinning circles and I can't deny
Floating on your love like a butterfly
Got me jumping inside, thinking about you
No secrets, no games to play
It's alright, it's okay, I never felt this way
Got me jumping inside, thinking about you

[Chorus]
Ah, ah-ah-ah, ah
Ah, ah-ah-ah, ah
Ah, ah-ah-ah, ah (I'm in a band, I'm in a band)

(I'm in a band, I'm in a band)
Ah, ah-ah-ah, ah (I'm in a band, I'm in a band)
(I'm in a band, I'm in a band)

[Verse 2]
I got ice in my OJ, I'm a cold heart bitch
A lot of dumb motherfuckers that I made rich

Might go back to Mississippi

Careful I don't take you with me

[Verse 3]
I'm spinning circles and I can't deny (Ah, ah-ah-ah, ah)
Floating on your love like a butterfly (Ah, ah-ah-ah, ah)
Got me jumping inside, thinking about you (I'm thinking about you)
No secrets, no games to play (Ah, ah-ah-ah, ah)
It's alright, it's okay, I never felt this way (Ah, ah-ah-ah, ah)
Got me jumping inside, thinking about you (I'm thinking about you)


[Chorus]
Ah, ah-ah-ah, ah (I'm in a band, I'm in a band, she's in a band)
(I'm in a band, I'm in a band)
Ah, ah-ah-ah, ah (I'm in a band, I'm in a band, she's in a band)
(I'm in a band, I'm in a band)

[Outro]
Got me jumping inside, thinking about you, you, you
Got me jumping inside, thinking about you, you, you"
Brotherly Hate,EGO,"[Chorus]
Brotherly love, brotherly hate
Don't it sometimes feel like the same thing?
Ah, ah-ah-ah-ah, ah, ah
However you bend, however you sway
Furious roots just won't give way
Ah, ah-ah-ah-ah, ah, ah

[Verse 1]
I've been laid out on your limbs

Carve my name into every one of them (Na)
Please don't fall, please don't break
Please stay strong for all of our sakes
Uh-uh
Are you Siamese twins?
Are you headed two ways?
Just asking for a friend
You could make each other small, or make each other great
If you think that you could give more than you could take
Uh-uh

[Pre-Chorus]
Nick your hand
Or spit into it
Shake hands

That's how you do it

[Chorus]
Brotherly love, brotherly hate
Don't it sometimes feel like the same thing?
Ah, ah-ah-ah-ah, ah, ah
However you bend, however you sway
Furious roots just won't give way
Ah, ah-ah-ah-ah, ah, ah

[Verse 2]
Blood oath
, baby, took a vow unspoken
Not on speaking terms, now you could pick up the phone
Or could pull up to his house
You can find out you're alone if you keep fucking around

[Bridge]
You say that that's your brother, you'll always come around
You'll always have each other
Not if you never pick up where you left off
I love him like a brother, I love him like I'm dumb, let's
Pull your shit together, motherfucker, sick of missing ya
Uh-uh-ah

[Chorus]
Brotherly love, brotherly hate
Don't it sometimes feel like the same thing?
Ah, ah-ah-ah-ah, ah, ah
However you bend, however you sway
Furious roots just won't give way
Ah, ah-ah-ah-ah, ah, ah

[Outro]
Nick your hand
Or spit into it
Shake hands
That's how you do it
Nick your hand
Or spit into it
Shake hands
That's how you do it
(That's how you do it)
Uh-uh"
Zissou,EGO,"[Verse 1]
I keep telling you the water's fine
You show up in a scuba suit
So come out to the deeper side

We could be like team Zissou

[Chorus]
I don't mind (Mind, mind, mind)
Wasting my time
In my mind (Mind, mind, mind)
You're always mine
I don't mind (Mind)
Wasting my time
In my mind (Mind)
You're always mine

[Verse 2]
Keep telling you the water's fine
Megan called it monster soup

But the monsters are you and I
We don't have anything to lose

[Chorus]
I don't mind (Mind, mind, mind)
Wasting my time
In my mind (Mind, mind, mind)
You're always mine
I don't mind (Mind)
Wasting my time
In my mind (Mind)
You're always mine

[Bridge]
Mine, mine, mine, mine, mine (Mine)
Mine, mine, mine, mine, mine (Mine)
Mine, mine, mine, mine, mine (Mine)
Mine, mine, mine, mine, mine (Mine)
Think I need a swelling drive (Mine, mine, mine, mine, mine, mine) (Vem cá, me dá sua língua)

Think I need a swelling drive (Mine, mine, mine, mine, mine, mine) (Vem cá, me dá sua língua)

[Chorus]
I don't mind (Mind, mind, mind)
Wasting my time
In my mind (Mind, mind, mind)
You're always mine
I don't mind (Mind)
Wasting my time
In my mind (Mind)
You're always mine"
Dream Girl In Shibuya,EGO,"[Verse 1]
Every now and then in a far off land
Familiar but foreign, a liminal feeling
I know you know me now like the back of your hand
But can I still get your heart reeling?

[Pre-Chorus]
Should've stayed a mystery
Sipping on Japanese whiskey
In the lobby bar (Ah-ah-ah)
I could say I gotta leave
But let's not let that come between us

Would it make you want me more?

[Chorus]
I wait for you (In seven-two-three-oh)
In the hotel room (I can still be your)
Dream girl come true
(Come on in)
In Shibuya


[Verse 2]
Just my silhouette pressed against this view
I wonder do you miss when having me felt brand new?
An elevator ride, slowest of your life
Can you feel how your heart's beating?

[Pre-Chorus]
Hate that you've already seen
Every bad side of me
Under fluorescent lights (Ah-ah-ah)
But I went to Takeshita Street

Came back more kawaii
We could pretend it's our first time

[Chorus]
I wait for you (In seven-two-three-oh)
In the hotel room (I can still be your)
Dream girl come true (Come on in)
In Shibuya


[Bridge]
Get to the seventh floor
Get underneath me
I'm always waiting for a
Knock on my door, baby

Now hold me closer
Watching an anime
Can always come here
Could always just stay

[Chorus]
I wait for you (In seven-two-three-oh)
In the hotel room (I can still be your)
Dream girl come true (Come on in)
In Shibuya

I wait for you (In seven-two-three-oh)
(I wait for you)
In the hotel room (I can still be your)
(I can feel it)
Dream girl come true (Come on into)
In Shibuya"
Discovery Channel,EGO,"[Verse 1]
Barbaric bliss, teeth gnash
when we kiss
No wound to lick, 'cause the hurt is hidden
Don't you miss when I used to smile?
Blood on my lips, you start to cry
Barbaric bliss, the hurt is hidden

[Chorus]
You and me, baby, ain't nothing but mammals
So let's do it like they do on the Discovery Channel
You and me, baby, ain't nothing but mammals
So let's do it like they do on the Discovery Channel


[Verse 2]
Twenty something years ago we started
Playing a little game and now we're all
Gonna sit down and we're gonna finish it, and guess what?
Your turn,
the hurt is hidden

[Chorus]
You and me, baby, ain't nothing but mammals
So let's do it like they do on the Discovery Channel
You and me, baby, ain't nothing but mammals
So let's do it like they do on the Discovery Channel

[Bridge]
I can't heal, you keep ripping me open
I can't feel, you keep ripping me open
You said we shouldn't even be here (I can't heal, you keep ripping me open)
Unless we know we're gonna make it
You said we shouldn't even be here (I can't feel, you keep ripping me open)
Unless we know we're gonna make it

[Chorus]
You and me, baby, ain't nothing but mammals
So let's do it like they do on the Discovery Channel
You and me, baby, ain't nothing but mammals
So let's do it like they do on the Discovery Channel
You and me, baby, ain't nothing but mammals (I can't heal, you keep ripping me open)
So let's do it like they do on the Discovery Channel
You and me, baby, ain't nothing but mammals (I can't feel, you keep ripping me open)
So let's do it like they do on the Discovery Channel"
Love Me Different,EGO,"[Verse 1]
I save my very best for you, mm-mm
Friends to lovers trope came true

You said that I deserve someone who knows what I am worth
Now I wonder what am I worth to you?

[Chorus]
And I know that you're probably telling yourself that no one's gonna love me like you did
And I know that you're probably right about that, but someone's gonna love me different
And I know that you're probably telling yourself that no one's gonna love me like you did
And I know that you're probably right about that, but someone's gonna love me different

[Post-Chorus]
And I want someone to love me different
Huh

[Verse 2]
Your eyes tells me I'll be fine, mm-mm
Like there's something better for me down the line
But nothing could compare to the potential greatest love of all time
The pleasure and the agony's all mine


[Chorus]
And I know that you're probably telling yourself that no one's gonna love me like you did
And I know that you're probably right about that, but someone's gonna love me different
And I know that you're probably telling yourself that no one's gonna love me like you did
And I know that you're probably right about that, but someone's gonna love me different

[Post-Chorus]
And I want someone to love me different
I want, I want, I want
And I want someone to love me different

[Bridge]
Endless hours of therapy
Two prescriptions, longer routines
Guess I'm the one who's gotta love me differently
Endless scrolling, up 'til three
Alex Reads Tarot
reads the shit out of me
Now I'm the one who's gotta love me differently

[Refrain]
I want, I want, I want, I
I want, I want, I want, I

[Chorus]
And I know that you're probably telling yourself that no one's gonna love me like you did
And I know that you're probably right about that, but someone's gonna love me different
And I know that you're probably telling yourself that no one's gonna love me like you did
And I know that you're probably right about that, but someone's gonna love me different

[Post-Chorus]
And I want someone to love me different
I want, I want, I want
And I want someone to love me different"
hard,EGO,"[Verse 1]
The way you held my face, I swear I softened
For the very first time in my life
Fist unclenched and my guard started dropping
We kissed quick before you pulled me inside
The next morning, I looked in the mirror
Saw a woman I had never met
She looked hopeful, even sorta pitiful
Like she forgot nothing is a given
Nothing is a given

[Chorus]
So hit me, I can't get soft
'Cause I'm too hard

And my ribs are metal cages
To guard my heart
I'm too, I'm too hard


[Post-Chorus]
I'm too, I'm too hard
I'm too, I'm too hard
I'm too, I'm too hard
I'm too, I'm too hard

[Verse 2]
I got married once in combat boots
and
Only listened to testosterone music
I had to my kill my feminine just to do it

To get to you, I had to go through it

[Chorus]
So hit me, I can't get soft
'Cause I'm too hard (Hard)
And my ribs are metal cages
To guard my heart (Heart)
I'm too, I'm too hard

[Bridge]
I was ridin' for a little bit too far
I was ready to be left out in the cold
Always hidin', never seeked to be alone
Oh, it's the devil I know

[Chorus]
So hit me, I can't get soft
'Cause I'm too hard (Hard)
And my ribs are metal cages
To guard my heart (Heart)
I'm too, I'm too hard

[Post-Chorus]
I'm too, I'm too hard
I'm too, I'm too hard
I'm too, I'm too hard
I'm too, I'm too hard"
WHIM,EGO,"[Verse 1]
Baby, take it easy
We're startin' somethin' new
Listen how the heart beats
It always tells the truth
Baby, take it easy
When following a whim
And listen how the heart beats
Lying next to him
(Ah-ah-ah)

[Pre-Chorus]
Bare feet on the concrete, freckles on your knees
Searchin' for a bloodstain, bandages are clean
Baby, take it easy following a whim
Listen how the heart beats lying next to him

[Chorus]
I want to be in love
To believe in us instead of sabotage
I want to be in love
To believe in us instead of sabotage


[Verse 2]
Baby, take it easy (Ah-ah, ah, ah, ah, ah-ah, ah, ah, ah)
You're always on the move (Ah-ah, ah, ah, ah, ah-ah, ah, ah, ah)

Somethin' in the stillness (Ah-ah, ah, ah, ah, ah-ah, ah, ah, ah)
Gets you to the truth (Ah-ah, ah, ah, ah, ah-ah, ah, ah, ah)
And I know you took a beatin' (Ah-ah, ah, ah, ah, ah-ah, ah, ah, ah)
I know it's all a risk (Ah-ah, ah, ah, ah, ah-ah, ah, ah, ah)
But listen how the heart beats (Ah-ah, ah, ah, ah, ah-ah, ah, ah, ah)
Lying next to him (Ah-ah, ah, ah, ah, ah-ah, ah, ah, ah)
(Ah-ah-ah, woo)

[Pre-Chorus]
Sunshine through the curtain, music in my head
Still be singing to you long after we're dead

[Chorus]
I want to be in love
To believe in us instead of sabotage
I want to be in love
To believe in us instead of sabotage

[Bridge]
(Ah-ah)
(Ah-ah, ah, ah, ah)
I want to believe in love
I want to believe in us
I want to believe in love
I want to believe in us

[Chorus]
I want to be in love
To believe in us instead of sabotage
I want to be in love
To believe in us instead of sabotage
I want to be in love
(Bare feet on the concrete, freckles on your knees)
To believe in us instead of sabotage
(Searchin' for a bloodstain, bandages are clean)
I want to be in love
(Sunshine through the curtain, music in my head)
To believe in us instead of sabotage
(Still be singing to you long after we're dead)"
glum,EGO,"[Verse 1]
In the wake of your sunshine
I've never felt so glum
Think I'm made up of moonlight
Don't reach quite as far, but I still show up
Stick around for someone (Someone)
Stick around 'til dawn, I wonder

[Chorus: Hayley Williams]
Do you ever feel so alone
That you could implode and no one would know?
And when you look around and nobody's home
But you wanna go back to wherever we're from
To wherever we're from

[Verse 2: Hayley Williams]
Spaced out at a stoplight
Who's laying on their horn?
'Cause it's in tune with this song
Wanna put it in park, listen all day long
Hey man, roll down your window (Window, window)
Light's already yellow, I wonder

[Chorus: Hayley Williams]
Do you ever feel so alone
That you could implode and no one would know?
And when you look around and nobody's home
But you wanna go back to wherever we're from
Wherever we're from

[Bridge]
On my way to thirty-seven years
I do not know if I'll ever know
What in the living fuck I'm doing here
Does anyone know if this is normal?
I wonder, I wonder

[Chorus: Hayley Williams]
Do you ever feel so alone (Feel)
That you could implode and no one would know? (No one would know)
And when you look around and nobody's home (Nobody's home)
But you wanna go back to wherever we're from
Wherever we're from

[Outro]
In the wake of your sunshine
I've never felt so glum"
Disappearing Man,EGO,"[Intro]
Yeah, we made it, disappearing man
Yeah, we made it, disappearing man
Yeah, we made it, disappearing man

[Verse 1]
Now I understand how you feel abandoned
At a depth you would never share with me

And I tried to make it to the bottom
Suck out all the poison, but in the end
I have no choice but to surface and surrender

[Chorus]
Disappearing man
You could really have anyone
And you had me
Why'd you let go? (Why'd you let go?)
You could really have anyone
Except for me, I suppose

[Verse 2]
Just like I said, had to come up for air

'Cause I know better than to hold my breath for too long

Now, love, you're not the only one who's lonely
My final act of love was surrender

Oh, surrender

[Chorus]
Disappearing man
You could really have anyone
And you had me
Why'd you let go? (Why'd you let go?)
You could really have anyone
Except for me, I suppose (so it goes)

[Bridge]
Yeah, we made it, disappearing man
Yeah, we made it, disappearing man
Yeah, we made it, disappearing man
Yeah, we made it, disappearing man
Won't you just surrender?
Yeah, we made it, disappearing man
Yeah, we made it, disappearing man
Yeah, we made it, disappearing man
Yeah, we made it, disappearing man
Won't you just surrender?

[Chorus]
Disappearing man
You could really have anyone
And you had me
Why'd you let go? (Why'd you let go?)
You could really have anyone
Except for me, I suppose (So it goes)

[Post-Chorus]
Disappearing man, that's spinning there with wild hair
And a stare that could melt stone
There were no conditions to my love
Yeah, it was endless 'til there was no you to hold

[Outro]
Disappearing man
Won't you just surrender?
Disappearing man
Won't you just surrender
Disappearing man"
I Won't Quit On You,EGO,"[Verse 1]
Stranded here on Mars
What's the odds you'd get stuck here too?
It might be a lost cause
Who'd have thought there'd be so much left to lose?

[Chorus]
Come hell or heaven, angels or devils
I won't move
And I don't care what happens after
I won't quit on you

[Verse 2]
Lonely astronaut, it's gonna cost
But you just can't beat that view
Wasted like a God, power off
Wake up somewhere new
Now I'm an alien to you

[Chorus]
Come hell or heaven, angels or devils
I won't move
And I don't care what happens after
I won't quit on you
Come hell (Hell) or heaven (Heaven), angels (Angels) or devils
I won't move (I won't, I won't, I won't, I won't, I won't)
And I don't (Don't) care (Care) what happens after
I won't quit on you (I won't, I won't, I won't, I won't, I won't)

[Bridge]
Chaos-ridden inner space
Turns out home is not a place
When I think home, I see your face
Up there so long, everything changed
Chaos reaches outer space
Turns out nowhere is a place
Look down on a brilliant blaze
Phone, home, baby
; everything changed

[Chorus]
Come hell or heaven, angels or devils
I won't move
And I don't care what happens after
I won't quit on you

[Outro]
Chaos reaches outer space
Turns out nowhere is a place
Look down on a brilliant blaze
Phone, home, baby; everything changed"
